taxon,n_species,collessI,sackinI,gamma,temp_mean,temp_sd,temp_skewness,temp_kurtosis,bs_mean,bs_sd,bs_skewness,bs_kurtosis,rs_mean,rs_sd,rs_skewness,rs_kurtosis,bodysize_MRDa_cor,bodysize_MRDn_cor,bodysize_MRDs_cor,bodysize_ED_cor,bodysize_ES_cor,bodysize_DR_cor,temp_MRDa_cor,temp_MRDn_cor,temp_MRDs_cor,temp_ED_cor,temp_ES_cor,temp_DR_cor,temp_max_MRDa_cor,temp_max_MRDn_cor,temp_max_MRDs_cor,temp_max_ED_cor,temp_max_ES_cor,temp_max_DR_cor,rangesize_MRDa_cor,rangesize_MRDn_cor,rangesize_MRDs_cor,rangesize_ED_cor,rangesize_ES_cor,rangesize_DR_cor,bodysize_temp_cor,bodysize_tempmax_cor,bodysize_rangesize_cor,rangesize_temp_cor,rangesize_tempmax_cor,bodysize_MRDa_cor_p,bodysize_MRDn_cor_p,bodysize_MRDs_cor_p,bodysize_ED_cor_p,bodysize_ES_cor_p,bodysize_DR_cor_p,temp_MRDa_cor_p,temp_MRDn_cor_p,temp_MRDs_cor_p,temp_ED_cor_p,temp_ES_cor_p,temp_DR_cor_p,temp_max_MRDa_cor_p,temp_max_MRDn_cor_p,temp_max_MRDs_cor_p,temp_max_ED_cor_p,temp_max_ES_cor_p,temp_max_DR_cor_p,rangesize_MRDa_cor_p,rangesize_MRDn_cor_p,rangesize_MRDs_cor_p,rangesize_ED_cor_p,rangesize_ES_cor_p,rangesize_DR_cor_p,bodysize_temp_cor_p,bodysize_tempmax_cor_p,bodysize_rangesize_cor_p,rangesize_temp_cor_p,rangesize_tempmax_cor_p,richness_mean,richness_max,richness_median,richness_sd,richness_skewness,richness_kurtosis,richness_lat_cor,richness_temp0mya_cor,lat_pd_cor,lat_mpd_cor,lat_mntd_cor,temp_pd_cor,temp_mpd_cor,temp_mntd_cor,richness_pd_cor,richness_mpd_cor,richness_mntd_cor,lat_pd_cor_p,lat_mpd_cor_p,lat_mntd_cor_p,temp_pd_cor_p,temp_mpd_cor_p,temp_mntd_cor_p,richness_pd_cor_p,richness_mpd_cor_p,richness_mntd_cor_p,lat_bsm_cor,lat_bssd_cor,temp_bsm_cor,temp_bssd_cor,richness_bsm_cor,richness_bssd_cor,pd_bsm_cor,mpd_bsm_cor,mntd_bsm_cor,pd_bssd_cor,mpd_bssd_cor,mntd_bssd_cor,lat_bsm_cor_p,lat_bssd_cor_p,temp_bsm_cor_p,temp_bssd_cor_p,richness_bsm_cor_p,richness_bssd_cor_p,pd_bsm_cor_p,mpd_bsm_cor_p,mntd_bsm_cor_p,pd_bssd_cor_p,mpd_bssd_cor_p,mntd_bssd_cor_p,class
anguimorpha,215,1.554874888,1.500389243,3.509149306,223.8342425,37.72122627,-1.300558621,5.425877628,856.6782385,741.4410669,2.167210177,8.86635179,50.25581395,159.7554926,5.948607677,45.6125819,-0.531564988,-0.501070949,-0.501070949,-0.360383278,-0.308630032,0.360383278,-0.291739951,-0.245028075,-0.245028075,-0.294921877,-0.251834728,0.294921877,-0.417628531,-0.39007917,-0.39007917,-0.343752601,-0.289028751,0.343752601,-0.329116826,-0.307002583,-0.307002583,-0.16363918,-0.123106522,0.16363918,0.205097739,0.474733396,0.501135791,-0.031002394,0.403780884,6.22E-17,6.12E-15,6.12E-15,6.25E-08,4.42E-06,6.25E-08,1.51E-05,0.000305944,0.000305944,1.21E-05,0.000204159,1.21E-05,2.13E-10,3.75E-09,3.75E-09,2.67E-07,1.83E-05,2.67E-07,8.99E-07,5.00E-06,5.00E-06,0.016833847,0.072983465,0.016833847,0.002632079,2.27E-13,6.07E-15,0.652774825,9.30E-10,0.798953605,11,0,1.365991595,3.063031995,15.47211459,-0.477079766,0.562591251,0.363445168,0.362732231,0.374054381,-0.381780444,-0.381342387,-0.389537962,-0.665726698,-0.663644405,-0.700626605,0,0,0,0,0,0,0,0,0,-0.517110435,0.009826676,0.239009693,0.225459555,-0.514590321,0.549458521,0.428713675,0.429308512,0.377934976,-0.352640564,-0.35392356,-0.352300366,2.02E-166,0.628124607,6.15E-33,2.11E-29,1.50E-164,6.69E-192,2.58E-109,1.21E-109,2.01E-83,3.88E-72,1.10E-72,5.42E-72,squamate
gekkota,1581,3.297835318,2.595473739,-6.667137851,229.7362033,43.0719263,-1.852513102,7.829786554,181.3912327,87.48740831,1.632705192,8.329940608,25.19924099,85.30323513,6.740272207,63.03750563,-0.043651895,0.002869984,0.002869984,-0.186526989,-0.181246265,0.186526989,0.12545921,0.098509118,0.098509118,-0.143594903,-0.131374015,0.143594903,0.049420756,0.028848412,0.028848412,-0.118505195,-0.105166569,0.118505195,-0.147286312,-0.133584048,-0.133584048,0.071528495,0.071742546,-0.071528495,-0.012002488,0.027057166,0.089681973,-0.168558121,0.19966629,0.082814851,0.909246077,0.909246077,7.77E-14,3.90E-13,7.77E-14,5.65E-07,8.78E-05,8.78E-05,9.87E-09,1.60E-07,9.87E-09,0.049520621,0.251781633,0.251781633,2.32E-06,2.81E-05,2.32E-06,4.05E-09,9.85E-08,9.85E-08,0.004446787,0.004329092,0.004446787,0.633555077,0.282443377,0.000358127,1.55E-11,1.14E-15,2.893590829,29,1,4.569626833,2.359303416,9.170489921,-0.716550874,0.730371631,0.460748203,0.457355491,0.445730037,-0.500038408,-0.489198991,-0.501839058,-0.759507244,-0.749521357,-0.743565933,0,0,0,0,0,0,0,0,0,-0.01687111,-0.252352891,0.217385404,0.373589429,0.112008503,0.287913722,-0.0479866,-0.007255056,-0.093528619,0.322923984,0.38077792,0.290099753,0.202031365,8.31E-84,3.78E-62,6.36E-189,1.96E-17,1.32E-109,0.00028281,0.583285409,1.36E-12,5.95E-139,8.81E-197,2.54E-111,squamate
iguania,1731,1.224006139,1.0363569,-0.822658856,201.9751553,62.4615757,-1.231547424,3.701328819,291.7172067,194.9237183,3.959985389,26.3976109,26.08896592,84.34834289,6.622030235,57.63070043,-0.203613505,-0.186067125,-0.186067125,-0.157505124,-0.152378688,0.157505124,-0.022348951,-0.058761734,-0.058761734,0.513148691,0.486677185,-0.513148691,-0.036824537,-0.072509401,-0.072509401,0.485287105,0.461039628,-0.485287105,-0.014497749,-0.027821191,-0.027821191,0.023425412,0.026172214,-0.023425412,0.039675331,0.146345061,0.239113961,0.019515462,0.331729249,1.26E-17,6.33E-15,6.33E-15,4.59E-11,1.93E-10,4.59E-11,0.353162719,0.01456481,0.01456481,1.08E-116,1.93E-103,1.08E-116,0.125972539,0.002561767,0.002561767,8.90E-103,1.14E-91,8.90E-103,0.547003966,0.247725316,0.247725316,0.330451431,0.276878849,0.330451431,0.099203324,9.84E-10,6.83E-24,0.417519201,1.16E-45,3.359236747,30,2,4.212770999,1.400093528,4.524543939,-0.744833641,0.682715217,0.572718646,0.561542882,0.549339582,-0.484029548,-0.474191694,-0.467376746,-0.861702057,-0.854563678,-0.810349562,0,0,0,0,0,0,0,0,0,-0.382250704,-0.29995131,0.495588883,0.409882164,-0.064983754,0.357760002,0.389878547,0.40466445,0.401316107,-0.084869252,-0.114393966,0.193820465,5.28E-238,6.92E-143,0,8.87E-277,6.96E-08,1.22E-206,2.44E-248,3.60E-269,2.33E-264,1.82E-12,1.85E-21,3.67E-59,squamate
lacertoidea,885,1.740908847,1.583308847,0.052280831,208.8515624,54.03805004,-1.215006033,4.029603768,412.5574077,424.3460656,2.650703532,11.34153084,45.36723164,134.149827,5.750224763,43.37119109,0.134934741,0.072427604,0.072427604,-0.179746178,-0.151220339,0.179746178,-0.064492286,-0.02388056,-0.02388056,0.037816687,0.038777323,-0.037816687,-0.116349042,-0.057470236,-0.057470236,0.110729806,0.110351261,-0.110729806,-0.146919828,-0.13558945,-0.13558945,0.252432561,0.244864547,-0.252432561,0.07580729,0.040297596,-0.044320262,-0.060151051,0.271307884,5.76E-05,0.031398362,0.031398362,7.55E-08,6.39E-06,7.55E-08,0.055404753,0.478501826,0.478501826,0.261630997,0.249698873,0.261630997,0.000531766,0.087870786,0.087870786,0.000981243,0.001021586,0.000981243,1.17E-05,5.30E-05,5.30E-05,2.65E-14,1.60E-13,2.65E-14,0.024278781,0.231600787,0.188250723,0.074019415,2.31E-16,3.022005078,29,1,4.752360112,2.399090556,8.912593412,-0.472366966,0.489216436,0.328823289,0.379311445,0.307406709,-0.408674465,-0.435407658,-0.385374899,-0.878179996,-0.906283436,-0.836930201,0,0,1.75E-282,0,0,0,0,0,0,-0.216679833,-0.341439796,-0.018471057,0.146730532,0.401012303,0.537089836,0.343489151,0.103229957,0.400029543,0.226766463,-0.046863869,0.352086945,6.99E-65,3.32E-164,0.151900678,2.54E-30,2.19E-231,0,2.76E-166,9.86E-16,3.69E-230,4.77E-71,0.000275783,3.47E-175,squamate
scincoidea,1693,6.224403022,5.583834826,-4.329559766,224.847791,44.38985152,-2.208486509,13.99559942,255.9932627,140.0416989,2.411241613,12.54159917,25.38216184,72.31684185,5.815736667,46.49196315,-0.309792676,-0.346554209,-0.346554209,0.174491555,0.160921732,-0.174491555,0.073565247,0.107858691,0.107858691,-0.01611373,0.002741193,0.01611373,0.085289635,0.113077025,0.113077025,-0.02312738,-0.005404438,0.02312738,0.046006557,0.044264891,0.044264891,-0.003046033,0.003268947,0.003046033,-0.179120125,-0.074074611,0.194462167,-0.149227683,0.242047745,9.26E-39,1.11E-48,1.11E-48,5.66E-13,3.13E-11,5.66E-13,0.002529258,9.23E-06,9.23E-06,0.508864009,0.910528138,0.508864009,0.000460501,3.31E-06,3.31E-06,0.34302338,0.824663725,0.34302338,0.059162005,0.069450099,0.069450099,0.900627189,0.893396838,0.900627189,1.33E-13,0.002359618,8.37E-16,7.66E-10,7.30E-24,3.117180888,49,1,5.689693949,2.970993375,12.94597479,-0.701545211,0.687242603,0.564251325,0.48404236,0.592300433,-0.577333771,-0.521120921,-0.595423166,-0.783067466,-0.646585984,-0.831104244,0,0,0,0,0,0,0,0,0,-0.110527255,0.099143206,0.240907047,-0.069264801,-0.232158534,0.553919709,0.405143033,0.398776007,0.35303299,0.02066004,0.093169753,-0.043215869,2.34E-16,1.93E-13,3.70E-73,2.88E-07,6.26E-68,0,1.84E-215,3.38E-208,1.70E-160,0.12631484,4.89E-12,0.001378904,squamate
serpentes,3385,9.542807564,8.763421215,3.117161649,224.1080044,41.45425041,-1.674048615,6.934960224,756.7680935,9065.239724,27.69948562,880.0368797,76.56514032,174.3429746,3.852159009,20.49041114,0.069428594,0.106125388,0.106125388,-0.019007536,-0.023960013,0.019007536,-0.15724093,-0.150878086,-0.150878086,0.066863014,0.062431144,-0.066863014,-0.113831603,-0.096651011,-0.096651011,0.074586941,0.070154119,-0.074586941,0.04968283,0.067384665,0.067384665,0.013356324,0.011983454,-0.013356324,-0.136426076,0.122703372,0.405486591,-0.136292809,0.402786365,5.28E-05,6.03E-10,6.03E-10,0.268915206,0.16340918,0.268915206,3.50E-20,1.09E-18,1.09E-18,9.90E-05,0.000278526,9.90E-05,3.10E-11,1.76E-08,1.76E-08,1.40E-05,4.40E-05,1.40E-05,0.003836488,8.73E-05,8.73E-05,0.437259894,0.485819137,0.437259894,1.56E-15,7.87E-13,3.73E-134,1.67E-15,3.10E-132,19.31191813,115,7,27.32973464,1.736914025,5.109921012,-0.779118421,0.702683474,0.597708619,0.511171668,0.612701369,-0.498772697,-0.38924089,-0.531868259,-0.8367628,-0.754610121,-0.835392112,0,0,0,0,0,0,0,0,0,-0.525713935,-0.59318945,0.390043933,0.419937511,0.645522126,0.73001622,-0.359141754,-0.332038208,-0.339473283,-0.402021004,-0.376143343,-0.383620484,0,0,4.2371377096177e-316,0,0,0,7.45E-265,2.27E-224,4.47E-235,0,2.36E-292,5.54E-305,squamate
afrosoricida,55,0.48314379,0.303684667,2.103735937,206.600052,26.1316468,-0.270441379,2.769569367,76.35636364,153.8481247,3.810227686,17.73069521,24.05454545,48.02368944,6.127616854,42.59029286,-0.603565918,-0.595892555,-0.595892555,0.051757108,0.070085871,-0.051757108,0.080325565,0.117471898,0.117471898,0.380425762,0.326447772,-0.380425762,0.074068755,0.109975846,0.109975846,0.418909926,0.36518447,-0.418909926,-0.040786844,-0.03835038,-0.03835038,0.263005953,0.274345997,-0.263005953,-0.186270973,-0.204026227,0.103541101,0.230312321,0.479601394,1.07E-06,1.59E-06,1.59E-06,0.707454994,0.611132065,0.707454994,0.559912934,0.393023304,0.393023304,0.004168873,0.014997419,0.004168873,0.590970108,0.42411763,0.42411763,0.001456824,0.006116741,0.001456824,0.767490759,0.781024931,0.781024931,0.052378678,0.042668035,0.052378678,0.173310286,0.135146677,0.451889106,0.090715556,0.000211471,0.093405741,21,0,0.85069511,18.56149615,401.0258685,-0.25078667,0.125971898,-0.028767502,-0.028706869,-0.046764636,-0.001071291,-0.001084631,0.013795775,-0.143571941,-0.143581251,-0.024184512,0.00108904,0.001115831,1.09E-07,0.903202839,0.902003614,0.117298529,2.50E-60,2.46E-60,0.00603446,-0.701190842,-0.780041698,0.631561751,0.704035158,-0.384124217,-0.418842723,0.672007608,0.69582119,0.661672646,0.847699825,0.839401508,0.848325992,8.38E-28,6.98E-38,2.58E-21,4.15E-28,1.11E-07,5.38E-09,7.20E-25,3.09E-27,6.58E-24,1.30E-50,9.65E-49,9.30E-51,mammal
carnivora,284,1.159422071,0.969664514,2.33786083,167.4655937,103.5892232,-1.548351775,5.128036477,38707.05775,129787.2721,7.89377522,83.07292054,673.9260563,916.9060386,3.133254676,16.94499742,-0.334914058,-0.331849637,-0.331849637,-0.067879816,-0.05659441,0.067879816,0.106186553,0.034979012,0.034979012,0.104105479,0.103165114,-0.104105479,0.095644287,-0.007858893,-0.007858893,0.097370155,0.129129058,-0.097370155,0.00200767,-0.002969182,-0.002969182,0.01258133,0.034950117,-0.01258133,-0.283589233,-0.133834405,0.299718446,-0.356840174,0.227868231,7.16E-09,9.99E-09,9.99E-09,0.254202394,0.341959091,0.254202394,0.073994097,0.557165648,0.557165648,0.079869954,0.082646029,0.079869954,0.10774612,0.895096333,0.895096333,0.101511972,0.029582142,0.101511972,0.973128603,0.96026824,0.96026824,0.83281112,0.557491574,0.83281112,1.18E-06,0.024093995,2.64E-07,5.94E-10,0.00010695,12.1,40,13,6.907713819,0.094493734,2.800847152,-0.404285852,0.279297177,-0.010393058,-0.228121413,0.039795614,0.084423674,0.298684168,-0.002085774,-0.39159145,-0.397300172,-0.301168194,0.23804626,8.41E-152,6.20E-06,7.90E-22,7.17E-264,0.812824509,0,0,1.86E-268,0.656626111,0.694945543,-0.652586166,-0.717330008,-0.224713798,-0.176948837,-0.075670381,-0.274892613,-0.062160706,-0.083994226,-0.378069821,-0.005515435,0,0,0,0,1.88E-130,7.75E-81,5.96E-16,9.14E-197,3.08E-11,2.63E-19,0,0.555977214,mammal
cetartiodactyla,325,4.741767877,4.018719883,3.791162617,175.515427,93.13283005,-1.146460091,3.560563527,2180362.062,13074886.07,11.03470262,144.0511344,2287.612308,5855.063117,3.208940129,12.72407902,0.037313463,-0.063051847,-0.063051847,0.161831119,0.126155883,-0.161831119,-0.093632745,-0.020920192,-0.020920192,0.012411896,-0.013846189,-0.012411896,0.04145102,0.071072648,0.071072648,-0.006139391,-0.027324881,0.006139391,0.165245893,0.072983331,0.072983331,0.045734137,0.042173149,-0.045734137,-0.270779277,0.033401828,0.468828654,-0.293844646,0.305730065,0.502654025,0.257032962,0.257032962,0.003438824,0.022927548,0.003438824,0.091952204,0.70711605,0.70711605,0.823609378,0.803619245,0.823609378,0.45644717,0.201263428,0.201263428,0.912207913,0.623567942,0.912207913,0.002807147,0.189382821,0.189382821,0.411226466,0.448633566,0.411226466,7.21E-07,0.548501336,3.65E-19,6.79E-08,1.85E-08,8.650193949,56,5,9.553901642,1.583454636,4.681534203,-0.351580451,0.243358213,-0.028478086,-0.018330061,0.142919751,0.047953901,0.036750811,-0.088925324,-0.551428312,-0.619738039,-0.472193049,0.001222503,0.03742836,8.59E-60,5.12E-08,3.00E-05,4.73E-24,0,0,0,0.40070965,0.288066222,-0.373704292,-0.27656155,0.496679276,0.57247546,-0.591033802,-0.650469354,-0.238298263,-0.585586587,-0.654451565,-0.247524614,0,1.62E-205,0,6.10E-189,0,0,0,0,2.31E-139,0,0,1.49E-150,mammal
chiroptera,1161,3.771039242,3.189996122,5.627133161,222.4004,47.76439431,-2.006746637,7.074865847,47.87533105,118.5213359,4.681254856,28.37711415,224.8647717,326.9163156,2.128623663,7.566446519,-0.209619337,-0.269782185,-0.269782185,-0.170496116,-0.152860261,0.170496116,-0.229359951,-0.214145495,-0.214145495,0.010123489,0.007051308,-0.010123489,-0.08581714,-0.102971435,-0.102971435,0.068249665,0.074445932,-0.068249665,0.095222532,0.039396097,0.039396097,0.151866362,0.162952092,-0.151866362,0.128049544,0.058659627,-0.049548922,-0.198797385,0.570963972,5.39E-13,8.24E-21,8.24E-21,5.04E-09,1.66E-07,5.04E-09,2.53E-15,1.65E-13,1.65E-13,0.730410563,0.810325164,0.730410563,0.003429802,0.000441151,0.000441151,0.020034095,0.011167321,0.020034095,0.00116036,0.179779022,0.179779022,2.00E-07,2.35E-08,2.00E-07,1.21E-05,0.045683744,0.091503278,8.22E-12,2.09E-101,18.60333592,125,8,25.13891401,1.924466536,6.291953655,-0.783038437,0.672799896,0.238492663,0.153940394,0.41150716,-0.163276152,-0.087281552,-0.310756336,-0.63096861,-0.551985841,-0.729288067,3.82E-166,3.46E-69,0,1.03E-77,3.16E-23,1.38E-286,0,0,0,-0.705839619,-0.655789264,0.581646495,0.50489465,0.619902954,0.70655256,0.256399223,0.326042656,-0.017130813,0.12268504,0.204827662,-0.126419292,0,0,0,0,0,0,6.18E-149,8.42E-245,0.08771299,1.24E-34,1.34E-94,1.10E-36,mammal
cingulata,21,-0.144305203,-0.272145981,0.360450418,204.6045509,49.82956702,-0.989034202,2.809660168,4784.842857,9572.997162,3.871160347,16.96130185,324.5238095,421.3644051,1.911039851,6.381772903,0.262541608,0.23257408,0.23257408,-0.180695492,-0.23009426,0.180695492,0.245523685,0.240313634,0.240313634,0.159194316,-0.004548409,-0.159194316,0.323097044,0.310029419,0.310029419,-0.127445023,-0.219361893,0.127445023,0.191205861,0.15863246,0.15863246,-0.203444925,-0.148196303,0.203444925,0.317635613,0.434996983,0.635152697,0.324131229,0.565658998,0.250243955,0.310331883,0.310331883,0.433138926,0.315665106,0.433138926,0.283376789,0.294040815,0.294040815,0.49065656,0.984388697,0.49065656,0.153117651,0.171399977,0.171399977,0.581964213,0.339378284,0.581964213,0.406390132,0.492208264,0.492208264,0.376417556,0.521463387,0.376417556,0.160584858,0.048753187,0.001977248,0.151731443,0.007526904,0.508921645,10,0,1.459662028,3.058952508,11.89009576,-0.350089366,0.265519032,-0.04598957,-0.313059699,-0.000424689,0.068581148,0.245654679,0.036792355,0.139044356,0.58299091,0.057951727,1.75E-07,4.81E-291,0.96154725,6.45E-15,1.82E-176,2.94E-05,1.16E-56,0,4.57E-11,-0.714755617,-0.53989953,0.439130063,0.305555186,0.043329939,0.052083986,-0.221110776,-0.085346828,-0.300690991,-0.42093163,-0.323787921,-0.450306215,1.23E-217,6.49E-106,1.46E-66,2.10E-31,0.106488319,0.052294329,7.64E-17,0.001453743,2.03E-30,9.29E-61,2.89E-35,2.64E-70,mammal
dasyuromorphia,73,0.520540573,0.572900241,-3.836744402,215.0775463,44.60438946,-0.914046539,3.265687582,346.7876712,1432.619886,6.40018269,45.42160572,61.43835616,80.41886634,2.531389103,10.35667957,0.062220371,0.186121504,0.186121504,-0.325447211,-0.246148863,0.325447211,-0.131743363,-0.145608825,-0.145608825,0.103743241,0.075620724,-0.103743241,-0.181057504,-0.180269953,-0.180269953,0.16737693,0.130878539,-0.16737693,-0.066151285,-0.092537868,-0.092537868,0.167529498,0.11639265,-0.167529498,-0.090083002,-0.154814795,-0.314755951,0.016433664,0.45910976,0.601014114,0.114890819,0.114890819,0.004961063,0.035798069,0.004961063,0.266551656,0.219006924,0.219006924,0.38242115,0.524865345,0.38242115,0.125286722,0.126965989,0.126965989,0.156953274,0.269731213,0.156953274,0.578175795,0.436173873,0.436173873,0.156570129,0.326773681,0.156570129,0.44849406,0.190938211,0.00668451,0.89024426,4.40E-05,0.326842514,12,0,1.435450344,4.672201875,24.90757084,-0.135860248,0.176021479,0.019394062,0.058232317,0.007525387,-0.005920068,-0.064756152,0.011900903,-0.101292793,-0.509144328,0.055822746,0.027673674,3.68E-11,0.392929088,0.501538842,1.85E-13,0.176671251,9.45E-31,0,2.27E-10,-0.108026086,-0.108406716,-0.12768293,-0.094256592,0.230603297,0.256133203,0.115264333,0.196431536,-0.021743284,0.162092781,0.234815891,0.022487119,0.003779153,0.00365736,0.000610248,0.011566035,4.15E-10,3.33E-12,0.001992551,1.14E-07,0.56105873,1.29E-05,1.94E-10,0.547733579,mammal
didelphimorphia,100,2.048961335,2.007244965,0.745887998,216.6340024,39.43281288,-1.464427308,4.519548047,178.0452127,334.3462505,3.346200322,16.50231148,143.57,206.3501122,2.223347237,7.582051258,-0.113768862,0.011193336,0.011193336,-0.218809728,-0.229407264,0.218809728,-0.130139966,-0.131481661,-0.131481661,0.080612303,0.084476701,-0.080612303,-0.214670844,-0.213646885,-0.213646885,0.165481026,0.139294279,-0.165481026,-0.14119635,-0.143872455,-0.143872455,0.138010716,0.119303197,-0.138010716,0.000276041,0.205455094,0.243556812,0.170045677,0.67725472,0.259721839,0.911989435,0.911989435,0.028730543,0.021679253,0.028730543,0.196865373,0.192248948,0.192248948,0.425284496,0.40335672,0.425284496,0.031969599,0.03281688,0.03281688,0.099893501,0.166916899,0.099893501,0.161141602,0.153269548,0.153269548,0.170899856,0.23710236,0.170899856,0.997825206,0.040300889,0.014612714,0.090756632,1.02E-14,1.065942591,26,0,3.213217872,3.461264302,15.21361635,-0.342805762,0.250697237,-0.125941817,-0.140636877,-0.128941921,0.094119384,0.107990692,0.094476876,0.154707252,0.19559186,0.175674185,9.99E-47,6.16E-58,6.51E-49,9.29E-27,9.59E-35,5.97E-27,7.23E-70,2.45E-111,7.44E-90,0.167066756,0.188182292,-0.240303528,-0.222184545,-0.322337565,-0.42606585,-0.424411091,-0.438324344,-0.399223351,-0.381636432,-0.388700525,-0.376528601,9.28E-11,2.65E-13,5.98E-21,4.58E-18,3.00E-37,1.50E-66,5.38E-66,9.28E-71,6.38E-58,1.10E-52,9.48E-55,3.19E-51,mammal
diprotodontia,139,2.923831688,2.278859646,2.649698742,220.1402247,39.18784818,-1.126908552,3.997102536,5312.661871,7049.768282,2.765880433,12.6336104,48.32374101,87.51846313,3.918697016,21.31168966,0.514222991,0.50676742,0.50676742,-0.600999844,-0.485873718,0.600999844,0.202859754,0.180629967,0.180629967,-0.230090592,-0.247502841,0.230090592,0.153396553,0.142383408,0.142383408,-0.154226652,-0.170113053,0.154226652,0.003716031,0.001894994,0.001894994,0.013496869,0.035223319,-0.013496869,0.079488643,0.087654362,0.100462812,-0.227999241,0.402741454,9.49E-11,1.95E-10,1.95E-10,5.20E-15,1.34E-09,5.20E-15,0.016618482,0.033345318,0.033345318,0.006432252,0.003308591,0.006432252,0.071408145,0.094515069,0.094515069,0.069870789,0.045272932,0.069870789,0.965370023,0.982336343,0.982336343,0.874696369,0.680592644,0.874696369,0.352284416,0.304856674,0.239306097,0.006945459,8.87E-07,0.452288596,26,0,2.284741737,6.581347109,51.61382426,-0.164785407,0.195476748,0.08713003,0.067181054,0.093561557,-0.130698878,-0.126106261,-0.125161715,-0.387144581,-0.391709901,-0.377181613,3.76E-23,2.25E-14,1.84E-26,3.23E-50,7.60E-47,3.62E-46,0,0,0,0.413003575,0.328935389,-0.010306525,0.075754775,-0.729726611,-0.603320773,-0.654794522,-0.674825117,-0.690896711,-0.572158868,-0.605158887,-0.529279586,1.45E-33,3.46E-21,0.773529708,0.034168127,6.41E-131,1.06E-78,6.30E-97,5.01E-105,5.27E-112,3.40E-69,2.69E-79,1.14E-57,mammal
eulipotyphla,458,4.174062336,3.646219743,7.03470933,179.550538,79.45239596,-1.080108793,3.5420402,39.98362445,123.9172943,6.09839221,44.51586608,110.3558952,252.6411428,3.835746163,19.09963403,-0.361443938,-0.325108211,-0.325108211,0.394022464,0.341453566,-0.394022464,0.289349015,0.278189405,0.278189405,-0.129772573,-0.125472766,0.129772573,0.213812578,0.199313339,0.199313339,-0.069334291,-0.057479985,0.069334291,-0.169231193,-0.196724489,-0.196724489,0.132284078,0.144282803,-0.132284078,0.048101101,0.052385785,0.063116078,-0.295338463,0.092124873,1.40E-15,9.80E-13,9.80E-13,1.84E-18,5.71E-14,1.84E-18,2.77E-10,1.38E-09,1.38E-09,0.005411906,0.007176757,0.005411906,3.90E-06,1.73E-05,1.73E-05,0.138460824,0.21952989,0.138460824,0.000274676,2.23E-05,2.23E-05,0.004571986,0.001964408,0.004571986,0.304330946,0.263221432,0.177530864,1.14E-10,0.048796841,3.702637704,27,3,3.925949786,1.155004517,4.75235391,0.01824899,-0.057195515,0.065139789,0.071318857,0.044303821,0.01595751,0.011145394,0.016452438,-0.34809733,-0.295573145,-0.46483377,1.33E-13,5.20E-16,4.85E-07,0.070038483,0.20576409,0.061781781,0,3.43E-258,0,-0.256242535,-0.199929193,0.324689516,0.278396887,0.099368954,0.234884306,0.721114718,0.692960331,0.567840211,0.708282536,0.656519726,0.610999463,3.79E-113,1.01E-68,2.59E-184,4.96E-134,5.57E-18,7.23E-95,0,0,0,0,0,0,mammal
lagomorpha,90,1.469455184,1.219303239,2.78415477,114.3228095,95.54730562,-0.233538145,1.931584195,1479.661111,1195.706794,0.541741614,2.492617274,207.5444444,371.7439061,2.722188535,10.51420547,0.110549931,0.0538687,0.0538687,0.055108031,0.112447056,-0.055108031,0.247818643,0.220595015,0.220595015,-0.133605522,-0.083813161,0.133605522,0.198573387,0.173649959,0.173649959,-0.097392922,-0.054051384,0.097392922,-0.165799464,-0.13393438,-0.13393438,0.115030443,0.075998141,-0.115030443,0.502650864,0.444787486,0.000481684,-0.294377716,0.072421587,0.299599787,0.614074367,0.614074367,0.605934713,0.291331283,0.605934713,0.018522075,0.036680116,0.036680116,0.209329002,0.432224849,0.209329002,0.060623729,0.101667805,0.101667805,0.361132933,0.612871561,0.361132933,0.118345664,0.208199834,0.208199834,0.28031647,0.476505639,0.28031647,4.45E-07,1.12E-05,0.996404924,0.004857019,0.497556707,1.358727696,10,1,1.305682156,1.573208914,6.437688491,0.165022308,-0.186052317,0.148160244,0.157283919,0.047469506,-0.178737551,-0.188280093,-0.066942333,-0.178383525,-0.164717208,-0.388434467,3.61E-64,3.51E-72,6.97E-08,5.34E-93,3.64E-103,2.78E-14,1.24E-92,4.46E-79,0,-0.021984361,0.470689766,0.305877086,-0.548431062,-0.420162962,-0.043735036,-0.423239118,-0.402620646,-0.361097011,0.652303907,0.658125895,0.527417357,0.144692677,1.15E-241,5.22E-96,0,6.78E-188,0.003700698,6.49E-191,2.85E-171,1.01E-135,0,0,6.99877430143627e-314,mammal
primates,426,-0.22510407,-0.072722249,8.429252738,233.2332107,28.70024038,-2.078343353,10.36261578,4859.605922,10378.91183,8.296659408,90.57292016,60.42957746,110.0241512,3.49749101,17.61154668,-0.08289047,-0.022857935,-0.022857935,-0.36443978,-0.194700763,0.36443978,0.019871505,0.02087421,0.02087421,-0.096015574,-0.045330465,0.096015574,-0.038823581,-0.01008562,-0.01008562,-0.113955459,-0.043038642,0.113955459,-0.144217426,-0.129825831,-0.129825831,-0.093289243,0.044114899,0.093289243,-0.011256787,0.146327438,0.270860513,0.236797045,0.603603123,0.087496381,0.638028035,0.638028035,7.93E-15,5.22E-05,7.93E-15,0.682555414,0.667472266,0.667472266,0.047648041,0.350643903,0.047648041,0.424141634,0.835573724,0.835573724,0.018634046,0.375559255,0.018634046,0.002849912,0.007295067,0.007295067,0.054353532,0.363725992,0.054353532,0.816800439,0.002465021,1.34E-08,7.67E-07,1.23E-43,1.886811482,27,0,3.701335991,2.380268863,8.757962926,-0.732482794,0.577129765,0.601834491,0.495621303,0.612941606,-0.444513214,-0.388914294,-0.460177856,-0.843115835,-0.69914449,-0.857538749,0,0,0,0,0,0,0,0,0,0.148712898,-0.021302183,-0.054054199,-0.031915931,-0.188619551,-0.022281837,0.489662293,0.495309441,0.139211193,0.49511289,0.60697874,0.066921581,1.89E-19,0.198821471,0.001104399,0.054180058,1.68E-30,0.178941238,7.43E-219,1.16E-224,3.25E-17,1.86E-224,0,5.33E-05,mammal
rodentia,2244,5.901039249,5.435998063,7.714093382,189.0232928,73.3111568,-1.264545033,4.254982971,353.8562204,1929.308558,20.21602138,550.5727206,101.7410873,290.4339525,15.37460045,401.1716156,-0.420759241,-0.340464011,-0.340464011,-0.110179498,-0.133953894,0.110179498,0.068562555,0.159190167,0.159190167,-0.051351019,-0.057341045,0.051351019,0.032075205,0.112612442,0.112612442,0.013610312,-0.001384883,-0.013610312,-0.102494477,-0.141510895,-0.141510895,0.173033759,0.1473231,-0.173033759,0.113071263,0.085312968,-0.041552775,-0.139820021,0.252829273,6.09E-97,5.49E-62,5.49E-62,1.68E-07,1.90E-10,1.68E-07,0.00115747,3.36E-14,3.36E-14,0.015005356,0.006599382,0.015005356,0.128854161,8.92E-08,8.92E-08,0.519407329,0.947734536,0.519407329,1.15E-06,1.67E-11,1.67E-11,1.55E-16,2.35E-12,1.55E-16,7.90E-08,5.22E-05,0.049101921,2.91E-11,4.74E-34,16.60395656,75,16,11.65202403,0.600778695,3.255530676,-0.453335547,0.302293975,0.316553111,0.25953181,0.332504936,-0.307329988,-0.329345338,-0.28651973,-0.450527193,-0.148129927,-0.499348943,6.99E-298,1.90E-197,0,4.98E-280,9.88131291682493e-324,4.60E-242,0,3.83E-64,0,-0.095414797,-0.098175315,-0.028754385,-0.017724425,0.488036034,0.522472123,0.076551104,0.30698218,0.07936474,0.076584559,0.300693072,0.086993173,2.09E-24,9.47E-26,0.002169592,0.058804744,0,0,3.02E-16,1.32E-246,2.37E-17,2.93E-16,3.30E-236,1.52E-20,mammal
accipitriformes,251,5.889641928,5.184267031,1.5857607,202.9121026,70.37528261,-1.684544184,4.937511544,1377.998805,1826.485287,2.723850054,11.14327176,664.1713147,762.2713156,2.772023203,15.64625833,-0.21401218,-0.307438063,-0.307438063,0.029173896,-0.005901409,-0.029173896,-0.202757419,-0.256271982,-0.256271982,0.236417144,0.21612591,-0.236417144,-0.228939198,-0.244913882,-0.244913882,0.193599555,0.156275641,-0.193599555,-0.087249317,-0.087175636,-0.087175636,0.091039497,0.083875694,-0.091039497,-0.106188119,0.107959735,0.165099884,-0.269687523,0.52437543,0.000641817,6.79E-07,6.79E-07,0.645521767,0.925879714,0.645521767,0.001238504,3.98E-05,3.98E-05,0.000156458,0.000565119,0.000156458,0.000254516,8.83E-05,8.83E-05,0.00206247,0.01318393,0.00206247,0.168197533,0.168558481,0.168558481,0.150398445,0.185322738,0.150398445,0.093212829,0.087848356,0.008776843,1.48E-05,3.92E-19,12.01574864,44,10,9.655577715,0.782052421,2.847110879,-0.671783596,0.555612072,-0.385223131,-0.544785248,-0.260852328,0.32194657,0.502136837,0.203329897,0.246993874,0.396410656,0.157452304,0,0,1.64E-199,0,0,2.38E-120,1.96E-178,0,2.47E-72,0.303068789,0.286418931,-0.247279426,-0.275702938,-0.356583842,-0.28708801,-0.08045167,-0.310347209,0.041318715,-0.09677247,-0.309977572,0.026000202,1.75E-228,3.17E-203,2.40E-150,7.42E-188,1.27468936627042e-321,3.30E-204,5.38E-17,4.61E-240,1.73E-05,6.44E-24,1.82E-239,0.00685793,bird
anseriformes,160,5.037257705,4.51410255,6.32754086,105.5522767,111.1242035,-0.403201244,2.288610346,1490.349938,1655.348523,3.415863254,17.5255721,680.21875,825.7441597,2.15420933,8.769034649,-0.252287298,-0.24442942,-0.24442942,-0.036221699,-0.035291472,0.036221699,-0.082279575,-0.114532205,-0.114532205,0.269714358,0.263992429,-0.269714358,-0.07786864,-0.069572728,-0.069572728,0.173239285,0.15075274,-0.173239285,-0.033646264,-0.01985403,-0.01985403,0.075755256,0.054491985,-0.075755256,-0.242437871,-0.286301178,-0.066940219,-0.218374042,0.293400644,0.001289022,0.001839687,0.001839687,0.649304112,0.657734162,0.649304112,0.300968783,0.149268124,0.149268124,0.000562579,0.000743188,0.000562579,0.327711823,0.3820132,0.3820132,0.028471102,0.05706325,0.028471102,0.672749151,0.803212807,0.803212807,0.341050166,0.493735581,0.341050166,0.00200971,0.000242368,0.400326029,0.005534751,0.000166302,7.737005431,27,6,6.639658767,0.636892048,2.3988663,0.183239667,-0.221532829,-0.650104583,-0.669859873,-0.631535927,0.63642447,0.639161013,0.600123086,-0.58338029,-0.517910619,-0.549222656,0,0,0,0,0,0,0,0,0,0.233510884,0.322569465,-0.206950445,-0.252629056,0.215077134,0.541329752,-0.133346479,-0.096402418,-0.132462585,-0.333037709,-0.306662759,-0.302610522,6.90E-124,8.48E-241,3.82E-97,2.31E-145,5.94E-105,0,6.84E-41,4.45E-22,2.28E-40,1.68E-257,1.15E-216,9.44E-211,bird
apodiformes,450,2.982772827,2.470940994,2.587326813,217.2559749,40.78427691,-1.438272602,5.195580455,12.349,20.35160676,4.549965021,29.15014375,139.1466667,269.4538166,4.165497563,26.59177033,-0.296471208,-0.363307013,-0.363307013,0.646353744,0.620368164,-0.646353744,-0.095447564,-0.091010725,-0.091010725,0.109247871,0.101049693,-0.109247871,-0.2039917,-0.2492365,-0.2492365,0.262716287,0.258168093,-0.262716287,-0.272961707,-0.322064994,-0.322064994,0.264231182,0.26918127,-0.264231182,0.036013645,0.197201643,0.189143133,-0.035122752,0.552352681,1.40E-10,1.73E-15,1.73E-15,1.40E-54,3.26E-49,1.40E-54,0.042996968,0.053698005,0.053698005,0.020449677,0.032103953,0.020449677,1.29E-05,8.45E-08,8.45E-08,1.54E-08,2.76E-08,1.54E-08,3.95E-09,2.55E-12,2.55E-12,1.26E-08,6.56E-09,1.26E-08,0.44600798,2.52E-05,5.40E-05,0.457346598,2.65E-37,4.4742436,91,2,8.658197519,3.766308899,20.94342895,-0.699583196,0.551575527,0.368514483,0.339842825,0.346768301,-0.276356378,-0.260101198,-0.261193253,-0.480109267,-0.427165444,-0.494357586,0,0,0,1.16E-224,2.46E-198,4.78E-200,0,0,0,0.354207848,0.174315434,-0.204000021,-0.036646458,-0.563536162,-0.190960878,-0.152469019,-0.263517927,-0.067077205,0.13188331,0.052293483,0.182378108,5.72E-211,5.03E-50,3.17E-68,0.001912,0,7.43E-60,1.50E-38,3.39E-114,1.31E-08,3.47E-29,9.41E-06,1.14E-54,bird
bucerotiformes,66,0.672943445,0.370539871,-0.567432613,243.5387966,21.20997371,-1.12380099,5.542010075,895.8790909,927.6044987,1.415102175,4.605627752,303.1969697,609.2355669,5.93208008,42.77415327,0.287906307,0.377380158,0.377380158,-0.034883357,-0.019790199,0.034883357,0.191338566,0.320990878,0.320990878,-0.106192658,-0.137735239,0.106192658,-0.262837978,-0.373802418,-0.373802418,0.252559777,0.265849098,-0.252559777,-0.3248155,-0.536282872,-0.536282872,0.325275048,0.382831257,-0.325275048,0.185184025,-0.337547554,-0.17774043,-0.547270849,0.443338249,0.019070884,0.001786252,0.001786252,0.780963497,0.874677563,0.780963497,0.123804528,0.008592583,0.008592583,0.396085594,0.270091032,0.396085594,0.03299446,0.001990332,0.001990332,0.040766336,0.030967502,0.040766336,0.007791688,3.47E-06,3.47E-06,0.007699996,0.001511271,0.007699996,0.136591177,0.00557631,0.153356,1.98E-06,0.000192933,1.450116369,16,0,2.823655998,2.26608887,7.337400477,-0.445028172,0.367200645,-0.051202238,-0.260958516,0.003728796,0.144935342,0.26835557,0.105888668,0.170674641,0.455527989,0.063934066,6.01E-09,1.12E-199,0.672071996,1.86E-61,1.79E-211,1.83E-33,7.59E-85,0,3.72E-13,-0.126698124,-0.053999392,0.136235961,0.135113229,0.062905173,0.160185122,0.054256264,-0.085806611,0.243315412,0.219842827,0.463061493,0.164837178,5.69E-10,0.008457229,2.56E-11,3.73E-11,0.00215255,3.95E-15,0.008149948,2.80E-05,2.25E-33,2.09E-27,1.21E-126,6.08E-16,bird
caprimulgiformes,114,3.291838335,2.756167054,-0.3065872,227.2471844,36.69477415,-2.120852364,8.481393653,84.56087719,82.67695639,3.478958779,16.08395316,278.2719298,359.6272723,2.217585352,9.347744085,-0.449638257,-0.527104499,-0.527104499,0.516106698,0.505314893,-0.516106698,-0.065782519,-0.135695235,-0.135695235,0.115064732,0.112424034,-0.115064732,0.078015602,0.019390449,0.019390449,-0.018433126,-0.018356136,0.018433126,0.145656471,0.11667065,0.11667065,-0.11460291,-0.108742143,0.11460291,-0.06326222,0.057523722,0.097198648,-0.079655158,0.592138649,5.20E-07,1.69E-09,1.69E-09,4.17E-09,9.81E-09,4.17E-09,0.486818236,0.150000699,0.150000699,0.22281786,0.23368845,0.22281786,0.409339089,0.837751087,0.837751087,0.845659545,0.846296242,0.845659545,0.122030854,0.216384267,0.216384267,0.224692752,0.249455994,0.224692752,0.503698367,0.543240349,0.303574251,0.39953544,3.95E-12,2.284871994,18,1,2.921423566,1.877131602,6.374387632,-0.730963516,0.644284028,0.277879967,0.197648481,0.427816016,-0.252176243,-0.191289484,-0.371220945,-0.406476665,-0.31124653,-0.571566429,3.19E-227,1.07E-113,0,3.66E-186,1.73E-106,0,0,1.56E-287,0,-0.033357617,-0.234048761,-0.018034292,0.133537206,0.21143071,0.435785746,0.802729547,0.805303975,0.732848565,0.759621951,0.774311528,0.707406679,0.010698224,1.14E-73,0.167695313,1.06E-24,3.77E-60,5.60E-270,0,0,0,0,0,0,bird
charadriiformes,369,2.164592871,1.705277419,3.596831609,107.4341462,121.2337597,-0.540356328,2.501812299,272.3625203,307.3649421,2.234779865,8.279474268,663.8482385,1008.651372,3.868452035,23.56392792,0.115788744,0.087275025,0.087275025,-0.328526999,-0.318188337,0.328526999,-0.122811091,-0.110037208,-0.110037208,0.084004859,0.087080391,-0.084004859,-0.034670839,-0.024293179,-0.024293179,0.054529357,0.055664829,-0.054529357,0.080564722,0.099906744,0.099906744,0.002235847,-0.003409749,-0.002235847,-0.147712349,-0.173701426,-0.146638506,-0.051792132,0.432686494,0.026137099,0.09412943,0.09412943,9.81E-11,3.98E-10,9.81E-11,0.018271961,0.034601238,0.034601238,0.107167852,0.094868241,0.107167852,0.506725471,0.641829704,0.641829704,0.296162436,0.28620417,0.296162436,0.122380332,0.055182781,0.055182781,0.96585813,0.947953373,0.96585813,0.004462826,0.000805545,0.004764344,0.321107333,2.87E-18,13.65942591,42,13,8.345071991,0.153564642,2.505734089,0.127932419,-0.125950466,-0.634330719,-0.644535015,-0.577302513,0.528790436,0.523344161,0.500157222,-0.310986936,-0.215153505,-0.359850905,0,0,0,0,0,0,4.96E-287,7.40E-135,0,0.552868827,0.646906951,-0.461926378,-0.560159986,0.288201254,0.393659327,-0.512223454,-0.448867424,-0.492503541,-0.557927207,-0.494532774,-0.54012683,0,0,0,0,3.10E-216,0,0,0,0,0,0,0,bird
columbiformes,306,1.196333347,0.893302207,-1.429146073,233.1054519,38.280888,-2.258558862,8.524860274,249.5844444,245.2510048,5.263819313,42.00111064,243.2091503,563.6405453,7.32528367,82.84861213,0.329273178,0.454634279,0.454634279,-0.391227192,-0.367218918,0.391227192,0.125619236,0.080603995,0.080603995,-0.005940016,-0.007734062,0.005940016,0.099722048,0.173904932,0.173904932,-0.181970198,-0.167119814,0.181970198,-0.076661344,0.005989949,0.005989949,-0.066504546,-0.054706224,0.066504546,0.029893978,-0.094356805,-0.13997577,-0.338398449,0.643932053,3.60E-09,5.16E-17,5.16E-17,1.24E-12,3.35E-11,1.24E-12,0.028009286,0.159571873,0.159571873,0.917579254,0.892818128,0.917579254,0.081573599,0.002266117,0.002266117,0.001389213,0.003366937,0.001389213,0.181057363,0.91688889,0.91688889,0.2460986,0.340202129,0.2460986,0.602431352,0.099456897,0.014260594,1.24E-09,3.14E-37,5.066795966,40,4,5.027147102,1.279391984,4.981663855,-0.791041062,0.685663804,0.363773898,0.347954196,0.395647203,-0.336569908,-0.338183193,-0.350285064,-0.645724683,-0.62054429,-0.668402174,0,0,0,0,0,0,0,0,0,0.633437399,0.180762766,-0.548762565,-0.03895537,-0.342748178,-0.103280813,-0.167942596,-0.276517608,-0.102065196,0.197243784,0.140514735,0.265613813,0,3.25E-68,0,0.000190203,3.47E-251,3.53E-23,5.30E-59,1.23E-160,1.14E-22,4.05E-81,1.15E-41,6.47E-148,bird
coraciiformes,151,2.423618571,1.726314319,1.111900564,235.5344837,30.34989518,-2.863746599,15.45296772,76.36476821,66.56784858,1.777314366,6.451043554,376.6423841,507.3922657,1.94719952,7.329331565,0.044941842,0.077464629,0.077464629,0.054847927,0.094580476,-0.054847927,0.197140584,0.213101526,0.213101526,-0.210938167,-0.160459681,0.210938167,0.115642996,0.116422128,0.116422128,-0.218428155,-0.274342443,0.218428155,0.031573875,0.035731995,0.035731995,-0.045515071,-0.112934541,0.045515071,-0.058335432,-0.131319678,0.009135456,-0.37057826,0.728689253,0.583731433,0.344448222,0.344448222,0.503568414,0.248025742,0.503568414,0.015256466,0.00861103,0.00861103,0.009326922,0.049050928,0.009326922,0.157366349,0.154569094,0.154569094,0.007051528,0.000652477,0.007051528,0.700342517,0.663146895,0.663146895,0.578936668,0.167385994,0.578936668,0.476782384,0.108001304,0.911356383,2.82E-06,2.84E-26,3.991233514,24,1,5.198026039,1.483512601,4.170231709,-0.751400431,0.656759118,0.487439401,0.03063356,0.538120368,-0.370848516,-0.003605277,-0.42592715,-0.381908323,0.204274215,-0.475024457,0,0.000504353,0,0,0.682331492,0,0,1.78E-121,0,0.093087897,-0.146672382,-0.145118922,-0.018354066,-0.181368676,0.05946594,-0.225022682,-0.439584737,0.09856704,-0.439306647,-0.441711554,-0.197327693,9.33E-14,5.14E-32,2.27E-31,0.142684954,2.60E-48,2.00E-06,4.79E-74,9.40E-300,3.00E-15,2.47E-299,5.62E-303,4.97E-57,bird
cuculiformes,142,2.010738266,1.590331271,-1.498234767,231.6046289,38.22863412,-3.58970772,20.90117366,151.1928873,140.3609612,1.858970006,6.745281127,391.9295775,504.2963731,2.340316536,12.20809281,-0.294214048,-0.359028123,-0.359028123,-0.061696637,-0.098664322,0.061696637,0.100591592,0.056255278,0.056255278,-0.198842174,-0.222306745,0.198842174,0.182715825,0.133572183,0.133572183,-0.105111655,-0.09796163,0.105111655,0.138611008,0.125464336,0.125464336,0.029789972,0.053827325,-0.029789972,0.251965757,-0.151512695,-0.370875174,-0.342792566,0.668444195,0.000379462,1.15E-05,1.15E-05,0.465758645,0.242733361,0.465758645,0.233607983,0.506075574,0.506075574,0.017678969,0.007836483,0.017678969,0.029523739,0.113025962,0.113025962,0.213157177,0.246121395,0.213157177,0.099950676,0.136816593,0.136816593,0.724891521,0.524633872,0.724891521,0.002486819,0.071871684,5.53E-06,2.97E-05,1.00E-19,3.899456943,22,2,4.731552998,1.234483205,3.67061094,-0.703166998,0.563074325,0.396513074,0.173301954,0.408295064,-0.264123569,-0.10048962,-0.27562329,-0.757859283,-0.520792839,-0.766054116,0,1.85E-87,0,1.11E-204,2.74E-30,1.96E-223,0,0,0,0.005497785,-0.567991214,0.041591461,0.550733535,0.089571672,0.606227452,0.17489939,0.082305453,0.197228014,0.330186309,0.301075587,0.422509479,0.653074133,0,0.000669094,0,2.17E-13,0,4.43E-47,1.58E-11,1.25E-59,7.92E-170,3.75E-140,8.20E-288,bird
falconiformes,63,1.746288858,1.156325335,1.447570156,191.2837552,77.71520488,-1.524519174,4.71250088,397.5214286,324.7620749,1.183049459,3.659959528,811.2063492,1183.262414,3.110587721,14.20761959,-0.064230423,0.052052328,0.052052328,-0.206948695,-0.180642064,0.206948695,-0.118087558,-0.242958127,-0.242958127,0.295506912,0.280049923,-0.295506912,0.149773014,0.000697108,0.000697108,0.136120138,0.165589198,-0.136120138,0.05618827,-0.013765872,-0.013765872,0.085518499,0.108992283,-0.085518499,-0.18220222,0,0.091906294,-0.168444802,0.421044854,0.616989792,0.685364285,0.685364285,0.103656014,0.156548599,0.103656014,0.356657786,0.055027368,0.055027368,0.018706935,0.026215581,0.018706935,0.241356286,0.995673637,0.995673637,0.287444034,0.194638448,0.287444034,0.661824431,0.914725303,0.914725303,0.505147857,0.395151056,0.505147857,0.152941018,1,0.473748076,0.186945872,0.000589822,3.678743212,15,3,2.573802796,0.725378502,3.384603385,-0.44631533,0.39529448,-0.006298741,-0.011019273,0.073624603,-0.064023624,-0.056853886,-0.144551747,-0.386865055,-0.378656076,-0.326032903,0.474572091,0.21094165,5.79E-17,3.45E-13,1.05E-10,3.88E-61,0,0,6.62150829894735e-317,0.097595585,0.40209766,-0.070402154,-0.40591178,-0.115683622,-0.181352165,-0.048113114,-0.019368052,-0.282625761,-0.007755603,0.001036097,-0.046519162,2.12E-23,0,6.88E-13,0,2.86E-32,1.78E-77,9.35E-07,0.048439303,6.07E-190,0.429417122,0.915929486,2.11E-06,bird
galliformes,288,3.218943263,2.672358053,2.725517743,200.1088765,73.20491585,-1.620297749,4.924189709,895.7273958,871.5384199,2.258403928,9.813648901,194.53125,370.0407818,3.978771619,21.0572825,-0.106925875,-0.120984814,-0.120984814,-0.185537871,-0.131703726,0.185537871,-0.247839753,-0.281095161,-0.281095161,0.128202864,0.144420592,-0.128202864,-0.111468064,-0.11577737,-0.11577737,0.025104982,0.034264918,-0.025104982,0.229106772,0.261617105,0.261617105,-0.154391155,-0.164444449,0.154391155,-0.136303913,-0.165929084,-0.026954342,-0.228140257,0.256072109,0.070001884,0.040189701,0.040189701,0.001564252,0.025410073,0.001564252,2.10E-05,1.25E-06,1.25E-06,0.029615393,0.01416256,0.029615393,0.058846167,0.049661535,0.049661535,0.671376433,0.562497321,0.671376433,8.73E-05,6.82E-06,6.82E-06,0.008678538,0.00514761,0.008678538,0.020673011,0.004753792,0.648732467,9.37E-05,1.08E-05,4.02909232,21,4,3.29509295,0.865298976,3.968070308,-0.371601261,0.230760316,-0.015111623,-0.07436864,-0.049180205,0.092692831,0.131642115,0.145056531,-0.795151526,-0.739498195,-0.717403215,0.086232228,2.81E-17,2.32E-08,5.33E-26,6.34E-51,1.48E-61,0,0,0,0.057612335,-0.051040696,-0.115506137,0.064379833,0.142781628,0.280917104,0.019197663,0.022356752,-0.11802893,-0.036205921,-0.02439464,-0.022789357,1.77E-08,6.05E-07,1.02E-29,3.06E-10,1.17E-44,1.27E-172,0.060709043,0.028938533,5.79E-31,0.000402946,0.017149465,0.025973984,bird
gruiformes,156,0.850755,0.533363504,0.493868434,190.4639716,86.5000835,-2.020520159,7.565444241,798.8822436,1607.66051,2.984209189,11.59450324,414.9102564,680.2065756,4.004838813,26.39662302,-0.229401473,-0.060042203,-0.060042203,-0.304780751,-0.244866478,0.304780751,0.019672598,-0.065666445,-0.065666445,0.271425151,0.249008825,-0.271425151,0.061368752,-0.009889783,-0.009889783,0.209271541,0.183182748,-0.209271541,0.021136606,0.019041303,0.019041303,-0.044685232,-0.040750971,0.044685232,-0.054600615,-0.123114526,-0.022049578,-0.187550878,0.512005367,0.00396795,0.456533114,0.456533114,0.000109486,0.002064276,0.000109486,0.807418155,0.415383237,0.415383237,0.000609374,0.001720693,0.000609374,0.446628028,0.902476993,0.902476993,0.008744715,0.022081983,0.008744715,0.793396845,0.813483514,0.813483514,0.579642846,0.613491491,0.579642846,0.498417362,0.125728875,0.78468606,0.019051889,8.40E-12,4.542668735,21,4,4.113196143,0.765389327,2.993713579,-0.564783218,0.435166994,-0.114495833,-0.085941818,-0.080584734,0.046463097,-0.00205804,0.048803777,-0.030591012,-0.059929225,-0.111631827,7.17E-39,1.45E-22,5.04E-20,1.31E-07,0.815268069,2.96E-08,0.000513526,9.80E-12,5.04E-37,0.511786232,0.430854533,-0.450109115,-0.396529471,-0.342951209,-0.170660771,0.300072216,0.354211995,0.126524149,0.411074828,0.469889071,0.22591904,0,0,0,0,1.56E-239,4.63E-58,3.79E-181,1.73E-256,1.71E-32,0,0,1.84E-101,bird
musophagiformes,23,0.193915566,0.026634369,-1.718882775,231.9133883,19.33754256,-0.236180031,3.551604941,306.9965217,160.2593055,3.280493407,13.70745371,167.5217391,133.8696345,0.805270738,2.971037165,-0.379634253,-0.201285856,-0.201285856,0.101828979,0.033119134,-0.101828979,-0.137351779,-0.072664369,-0.072664369,-0.023715415,-0.07312253,0.023715415,-0.176522096,-0.039412827,-0.039412827,-0.045875799,-0.089258348,0.045875799,-0.567828038,-0.475648964,-0.475648964,0.440326181,0.369162354,-0.440326181,0.109738026,0.335507922,0.423238579,0.302446266,0.497526284,0.073984872,0.357063308,0.357063308,0.64384771,0.880751325,0.64384771,0.532000649,0.741786745,0.741786745,0.914465926,0.740213056,0.914465926,0.42040621,0.858294738,0.858294738,0.835344347,0.685472941,0.835344347,0.004708603,0.021790129,0.021790129,0.035485905,0.082998188,0.035485905,0.618169808,0.117566534,0.044188343,0.16070681,0.015708276,0.287509697,8,0,0.944026183,3.734183762,17.7875371,-0.436560659,0.311829389,-0.309593732,-0.313692334,-0.24015509,0.201987802,0.205296858,0.153495228,0.680012002,0.687484208,0.52501907,2.37E-284,2.82E-292,1.65E-168,9.25E-119,1.06E-122,8.57E-69,0,0,0,-0.521572699,-0.633485041,0.252149858,0.022539244,0.054193167,0.174422047,0.283013213,0.338067525,0.172292764,0.101921799,0.14107316,0.011272699,1.39E-74,2.51E-119,9.48E-17,0.464797853,0.078644503,1.20E-08,7.29E-21,1.36E-29,1.81E-08,0.000920918,4.27E-06,0.714701154,bird
otidiformes,24,0.737044357,0.564750311,-1.329297736,219.4021835,50.13272104,-1.083150031,4.107507415,2703.232083,2394.365798,0.947137858,2.484414051,297.3333333,323.8367365,1.354918453,3.71135564,0.200869565,0.152207005,0.152207005,-0.275652174,-0.243478261,0.275652174,-0.170434783,-0.187432055,-0.187432055,0.182608696,0.159130435,-0.182608696,-0.189542933,-0.138156727,-0.138156727,0.134205112,0.100218103,-0.134205112,0.09826087,0.147423356,0.147423356,-0.176521739,-0.173043478,0.176521739,0.005217391,0.203486322,0.299130435,0.108695652,0.64749609,0.346620503,0.477700122,0.477700122,0.192316976,0.251598162,0.192316976,0.425895536,0.380477328,0.380477328,0.393074993,0.457655782,0.393074993,0.375037577,0.5197089,0.5197089,0.531834176,0.641263545,0.531834176,0.647823124,0.491805544,0.491805544,0.409303285,0.41874035,0.409303285,0.980696683,0.340241856,0.155619554,0.613156198,0.000625238,0.536772692,8,0,1.07247891,2.696427412,10.99909038,-0.388459733,0.424416487,-0.144789588,-0.149320671,-0.111380826,0.089052943,0.092327184,0.048993055,0.139843989,0.145898527,0.07770037,2.46E-61,3.68E-65,7.27E-37,4.08E-24,8.30E-26,2.62E-08,2.67E-57,2.93E-62,1.01E-18,0.348981814,0.243738457,0.020879146,-0.184453468,-0.115966034,0.266933255,-0.450975789,-0.430297857,-0.458409632,-0.216175861,-0.196950699,-0.230635449,3.68E-42,9.29E-21,0.430465876,2.15E-12,1.12E-05,1.01E-24,1.83E-72,1.93E-65,4.13E-75,1.46E-16,5.93E-14,1.07E-18,bird
passeriformes,5966,8.825232308,8.033370719,-2.509244188,203.2420733,64.14741034,-1.846992652,7.140491758,36.75629232,58.2746783,7.493585976,88.15782644,202.2700302,360.8605116,5.209671991,52.03422022,-0.068948336,-0.055047833,-0.055047833,0.108618311,0.105326405,-0.108618311,-0.039406633,-0.052741951,-0.052741951,0.04052438,0.037777674,-0.04052438,0.025174702,0.006164332,0.006164332,0.019162199,0.019831634,-0.019162199,0.026906077,0.018809912,0.018809912,-0.000787995,0.003109532,0.000787995,0.004051524,-0.01840343,-0.04859708,-0.175443028,0.394336085,9.78E-08,2.10E-05,2.10E-05,4.00E-17,3.45E-16,4.00E-17,0.002332159,4.59E-05,4.59E-05,0.001743732,0.003518627,0.001743732,0.051848223,0.634047998,0.634047998,0.138896789,0.125615537,0.138896789,0.037694344,0.146307197,0.146307197,0.951477182,0.810229353,0.951477182,0.754375676,0.155229177,0.000173297,1.90E-42,3.44E-221,87.09604344,554,76,76.49378218,1.442754675,5.83157328,-0.594401191,0.419781686,0.202912075,0.085467351,0.265116643,-0.068456008,-0.013835055,-0.119927853,-0.68241271,-0.512587575,-0.740148531,7.45E-120,2.47E-22,2.91E-206,7.23E-15,0.116258438,1.67E-42,0,0,0,0.503047049,0.582070515,-0.316721383,-0.41336204,-0.646718745,-0.651760724,0.483368026,0.138307764,0.528728957,0.367684678,-0.036867053,0.426840963,0,0,1.68E-265,0,0,0,0,4.45E-50,0,0,7.86E-05,0,bird
pelecaniformes,106,1.849945257,1.455780787,-1.083248215,205.6844563,50.02809462,-1.262458598,3.848828124,1340.63783,1672.891799,2.927934016,12.60045302,825.9339623,1112.466323,2.509269802,9.836190203,-0.361958121,-0.323380402,-0.323380402,0.437923694,0.416641685,-0.437923694,-0.028047742,0.030502659,0.030502659,0.014247964,0.008000625,-0.014247964,0.034874452,0.00428571,0.00428571,-0.070222582,-0.084070354,0.070222582,0.16322973,0.099827432,0.099827432,-0.199493658,-0.200607106,0.199493658,0.00610647,-0.089211328,-0.246344646,-0.060252012,0.684829211,0.000137559,0.000721547,0.000721547,2.67E-06,8.89E-06,2.67E-06,0.775336623,0.756262318,0.756262318,0.884742613,0.935126955,0.884742613,0.722660634,0.965222368,0.965222368,0.47442551,0.391548453,0.47442551,0.094552014,0.308608648,0.308608648,0.040343298,0.039217506,0.040343298,0.95046322,0.363133007,0.010910302,0.53952266,5.72E-16,6.086733902,28,4,5.816984233,0.641178389,2.284332591,-0.742595575,0.650686469,0.161061779,0.3166647,-0.083793075,-0.147085972,-0.27999938,0.062129568,-0.328382704,-0.528546425,-0.051510571,1.21E-75,4.21E-298,1.58E-21,2.94E-63,8.17E-231,1.67E-12,9.98012604599318e-322,0,4.87E-09,0.233369752,-0.077186777,-0.185924377,0.160791141,-0.187090699,0.176205204,0.503033087,0.657988464,0.2994881,0.403585228,0.436472775,0.327168171,1.62E-109,3.79E-13,1.66E-69,3.22E-52,2.26E-70,1.66E-62,0,0,2.03E-182,0,0,2.45E-219,bird
piciformes,414,2.116828832,1.858040594,1.902423193,218.6526175,51.18466625,-2.223197755,7.878485375,86.37432367,95.7471274,2.999941638,14.89412269,246.1280193,342.1883719,3.372248941,18.26653265,0.214912661,0.231918425,0.231918425,-0.209366429,-0.221672492,0.209366429,-0.147342564,-0.149226486,-0.149226486,0.149350335,0.127603635,-0.149350335,-0.06928896,-0.050396888,-0.050396888,0.069671134,0.06054854,-0.069671134,0.034244313,0.047711574,0.047711574,-0.005499024,0.005557031,0.005499024,-0.059399536,-0.041839548,0.021564346,-0.029211154,0.437444619,1.03E-05,1.84E-06,1.84E-06,1.75E-05,5.28E-06,1.75E-05,0.002652908,0.002333064,0.002333064,0.002313324,0.009345961,0.002313324,0.159353007,0.306319787,0.306319787,0.15705921,0.218927935,0.15705921,0.487139395,0.332842985,0.332842985,0.911179325,0.910246313,0.911179325,0.227812621,0.39582188,0.66175329,0.553389647,8.85E-21,7.466718386,62,5,9.857917709,1.942083006,6.772155677,-0.50713946,0.36077007,0.165013609,-0.15218176,0.205862587,-0.078463385,0.147754549,-0.123664755,-0.761354258,-0.391794499,-0.775020153,2.33E-79,1.22E-67,2.20E-123,4.61E-19,7.98E-64,4.20E-45,0,0,0,0.205475321,0.155364757,-0.16340725,-0.140360299,0.023208711,0.131218531,0.117142897,-0.056230645,0.104612274,0.148592196,0.016221626,0.149371652,1.12E-77,8.75E-45,2.05E-49,8.60E-37,0.037069358,2.49E-32,4.63E-26,4.31E-07,4.40E-21,4.50E-41,0.145060986,1.72E-41,bird
procellariiformes,128,1.265854382,0.91425269,1.736462872,96.2889918,137.6711885,-1.104940065,3.348762552,1084.086406,1817.558016,2.501237231,9.107255207,90.09375,375.2608633,8.765449487,86.2716001,0.190478848,0.173776998,0.173776998,-0.390082621,-0.352284417,0.390082621,-0.144393796,-0.002441021,-0.002441021,-0.020597287,-0.016634069,0.020597287,-0.004432854,0.114697276,0.114697276,-0.062111045,-0.067100654,0.062111045,0.255373071,0.251295053,0.251295053,-0.093878739,-0.094794992,0.093878739,-0.272400393,-0.28947541,-0.096855408,-0.177587603,0.073853278,0.031268388,0.049794123,0.049794123,5.32E-06,4.54E-05,5.32E-06,0.103920407,0.978183674,0.978183674,0.81749334,0.852162642,0.81749334,0.960393108,0.197335192,0.197335192,0.486124686,0.451715086,0.486124686,0.003622701,0.004219714,0.004219714,0.291870388,0.287165189,0.291870388,0.00186663,0.00091917,0.276770102,0.044916591,0.407393024,0.113498836,19,0,0.585398613,13.12751457,298.8408312,0.168928024,-0.150308013,0.002316029,0.001298705,0.00271056,-0.00571267,-0.004675375,-0.007794306,-0.125229782,-0.138254412,-0.142361803,0.792609811,0.882790153,0.758301669,0.516645162,0.595580897,0.37623894,3.24E-46,4.94E-56,2.46E-59,0.399317024,0.484701766,-0.450100498,-0.556710385,0.363952169,0.295211503,-0.219736268,-0.178482737,-0.159640915,0.174890577,0.221916763,0.230268498,5.49E-11,3.91E-16,7.13E-14,9.50E-22,3.02E-09,2.03E-06,0.000465616,0.004644897,0.011480379,0.00555751,0.00040714,0.000240578,bird
psittaciformes,354,2.969883195,2.7374564,2.030584295,223.8872812,47.41335309,-3.881226731,33.23724674,189.5402825,229.3147489,2.992637429,14.30045867,111.8474576,170.2034257,2.652064702,10.83778734,-0.171208953,-0.006147913,-0.006147913,0.185333311,0.181734595,-0.185333311,-0.055798832,-0.012140594,-0.012140594,-0.0332399,-0.061336516,0.0332399,-0.042829813,0.038413949,0.038413949,-0.038857375,-0.033076948,0.038857375,0.019356426,0.088409831,0.088409831,-0.063934276,-0.02851515,0.063934276,-0.01034232,0.072645803,0.092283138,-0.037181132,0.529256965,0.001221578,0.908235665,0.908235665,0.000456426,0.000590639,0.000456426,0.295121959,0.819938245,0.819938245,0.533044478,0.249714929,0.533044478,0.421768589,0.471239455,0.471239455,0.466132162,0.535055209,0.466132162,0.7166535,0.096755365,0.096755365,0.230182202,0.592843102,0.230182202,0.846249051,0.172633371,0.082943378,0.485598952,6.03E-27,2.784871994,32,0,5.546021634,2.440568533,8.487934849,-0.730639762,0.626673495,0.436508126,0.391969609,0.436283111,-0.321687502,-0.266172414,-0.321938924,-0.608964674,-0.484162237,-0.606904226,0,0,0,4.23E-308,5.93E-208,0,0,0,0,-0.061065491,-0.10920025,-0.062179641,-0.091080015,0.593820196,0.731525677,-0.432864908,-0.453667494,-0.26411864,-0.36638242,-0.41396697,-0.175310552,7.46E-05,1.27E-12,5.50E-05,3.33E-09,0,0,1.68E-191,1.86E-212,5.22E-68,1.16E-133,1.08E-173,2.36E-30,bird
strigiformes,206,1.991210692,1.481422202,0.327674886,207.9259194,66.58288407,-1.9510688,6.950683497,373.3465049,463.8611655,2.390422717,9.133256241,377.1650485,765.5264103,4.475944182,30.60711524,-0.123902156,-0.126913361,-0.126913361,0.08784198,0.093958917,-0.08784198,0.005094286,-0.021953048,-0.021953048,-0.077694353,-0.072094896,0.077694353,0.020601547,0.006416019,0.006416019,0.055456417,0.056374925,-0.055456417,0.066873389,0.047148158,0.047148158,0.15337832,0.140079846,-0.15337832,-0.007553708,0.229671433,0.329853878,-0.397667955,0.454292386,0.076004817,0.069091201,0.069091201,0.209287774,0.179164535,0.209287774,0.942066881,0.754124178,0.754124178,0.266991698,0.303103589,0.266991698,0.768819207,0.927073225,0.927073225,0.428526584,0.420906727,0.428526584,0.339556036,0.500972723,0.500972723,0.027733356,0.044621781,0.027733356,0.914187713,0.000897434,1.29E-06,3.24E-09,6.95E-12,5.558339798,20,6,3.7973394,0.329895045,2.709775853,-0.408843212,0.294748071,-0.42317993,-0.382477186,-0.294407353,0.474165983,0.444179008,0.334530349,-0.022681244,-0.122066785,0.06756793,0,0,4.42E-256,0,0,0,0.01001888,5.55E-44,1.60E-14,0.365178136,0.332963596,-0.341369615,-0.328162342,-0.181049942,-0.079988429,-0.348043222,-0.341345591,-0.231269789,-0.334490387,-0.387862495,-0.135402968,0,1.59E-272,3.07E-287,2.52E-264,1.01E-78,1.67E-16,2.98E-299,3.39E-287,1.39E-128,3.66E-275,0,1.63E-44,bird
suliformes,52,1.434687802,1.03545056,1.608627225,151.986531,111.9647338,-1.876378686,7.649288091,1653.825385,636.088988,0.210555065,2.485737653,393.9230769,774.0505594,3.330364148,15.97529426,0.129704345,0.113696525,0.113696525,-0.126755754,-0.111386245,0.126755754,-0.445857969,-0.438140369,-0.438140369,0.427748133,0.376819637,-0.427748133,-0.305382977,-0.283353279,-0.283353279,0.304308858,0.258402035,-0.304308858,-0.106290308,-0.072854615,-0.072854615,0.114914068,0.142884604,-0.114914068,-0.46257792,-0.501580268,-0.367977118,0.20562425,0.612619348,0.359428691,0.422232438,0.422232438,0.370547438,0.431783666,0.370547438,0.000924312,0.001159701,0.001159701,0.001561115,0.005895579,0.001561115,0.027700595,0.041795929,0.041795929,0.028280928,0.06436863,0.028280928,0.453274891,0.607759658,0.607759658,0.417247552,0.312253245,0.417247552,0.000554993,0.000151855,0.007276843,0.143628543,1.39E-06,1.016757176,7,1,1.138223542,1.005510635,3.883001384,-0.646633098,0.582691976,0.542151879,0.535593568,0.548357425,-0.469414172,-0.461046489,-0.482286502,-0.755379635,-0.742682927,-0.749695822,0,0,0,0,0,0,0,0,0,0.509776656,0.219159157,-0.432457042,-0.124135244,0.360695772,0.321491754,-0.048482202,-0.051767313,0.083009665,-0.677408379,-0.686689086,-0.337748525,6.73E-289,7.40E-49,1.98E-199,1.56E-16,6.43E-135,4.91E-106,0.001317387,0.000603356,3.67E-08,0,0,1.66E-117,bird
tinamiformes,47,-0.528045868,-0.457417045,-1.269121947,206.5589632,50.41369883,-1.177999794,3.139046624,530.8674468,312.6685998,1.500195344,5.583066012,193.3191489,228.9474125,1.54673853,4.630085911,-0.3549656,-0.415760241,-0.415760241,0.555754805,0.49421634,-0.555754805,0.435443771,0.365297882,0.365297882,-0.299028677,-0.267460685,0.299028677,0.370717714,0.320926237,0.320926237,-0.234014323,-0.240437565,0.234014323,0.087294703,0.056400764,0.056400764,-0.078760193,-0.064303476,0.078760193,-0.277038767,-0.113429827,0.000433852,0.343954206,0.727630688,0.01435302,0.003656226,0.003656226,5.01E-05,0.000414421,5.01E-05,0.002219942,0.011574871,0.011574871,0.041169856,0.069138589,0.041169856,0.010311679,0.027845521,0.027845521,0.113377628,0.103535178,0.113377628,0.559581798,0.70650642,0.70650642,0.598727242,0.667620152,0.598727242,0.059399569,0.447762303,0.997690729,0.017920105,6.87E-09,0.680527541,18,0,2.070943111,3.272376812,13.63370163,-0.37034714,0.268023363,0.19269685,0.213956095,0.164539113,-0.120778197,-0.135828674,-0.098909295,-0.470212919,-0.507921864,-0.412083489,4.62E-108,2.39E-133,6.58E-79,4.34E-43,3.96E-54,2.16E-29,0,0,0,-0.162194238,-0.145569566,-3.38E-05,0.228129342,0.239211964,0.410526496,-0.089418955,-0.256508397,0.030965838,0.176288209,0.023559679,0.290249512,4.50E-10,2.28E-08,0.998971494,1.06E-18,1.85E-20,1.71E-60,0.000622094,2.21E-23,0.236857206,1.16E-11,0.36818602,9.37E-30,bird
trogoniformes,43,0.561010475,0.290467875,-1.985102833,231.6878241,26.42697935,-1.958625653,8.397848496,90.56930233,39.34358969,1.014157182,3.346291526,192.8372093,255.1493428,1.750383068,5.071808561,-0.160945589,-0.140401904,-0.140401904,0.00181262,0.029983763,-0.00181262,-0.099818786,-0.010347042,-0.010347042,-0.012684989,-0.045907581,0.012684989,-0.233722855,-0.205725944,-0.205725944,0.140294282,0.164219265,-0.140294282,-0.116216727,-0.069529421,-0.069529421,0.05897678,0.101868983,-0.05897678,-0.251198982,-0.3170141,-0.251302971,-0.007929016,0.709880134,0.302525681,0.36918199,0.36918199,0.990795892,0.848630762,0.990795892,0.524215157,0.947495302,0.947495302,0.935654207,0.770042266,0.935654207,0.13144167,0.18567203,0.18567203,0.36955276,0.292666214,0.36955276,0.457997711,0.657739197,0.657739197,0.707163808,0.515685841,0.707163808,0.104193274,0.038330214,0.10404521,0.959753698,9.79E-08,0.605120248,11,0,1.534814947,3.189207544,13.24847057,-0.627703536,0.441118453,0.450644985,0.456013315,0.441685179,-0.303782727,-0.308305197,-0.296602656,-0.737635309,-0.74481355,-0.725745926,0,0,0,2.48E-273,6.92E-282,4.61E-260,0,0,0,-0.028745402,-0.160060343,0.053890005,0.198282584,0.58546159,0.744123346,0.43324703,0.302215394,0.371893877,0.39114579,0.208773881,0.396654028,0.257428851,2.22E-10,0.033651611,3.06E-15,1.23E-143,3.39E-274,4.05E-72,3.51E-34,3.70E-52,5.65E-58,9.16E-17,1.04E-59,bird
anura,5901,7.909732943,7.507145422,-1.153386231,214.1312874,46.2492852,-1.615782272,6.017802233,45.36528165,25.74074894,2.310391497,11.58712745,34.71293001,101.459104,5.988828112,47.95012139,0.053388013,0.071594505,0.071594505,-0.047584668,-0.052901319,0.047584668,0.045866255,0.044296558,0.044296558,0.09077325,0.092416192,-0.09077325,0.067851768,0.070337937,0.070337937,0.072831926,0.074410658,-0.072831926,-0.012266675,0.001842341,0.001842341,0.062815439,0.06092227,-0.062815439,-0.0838284,0.049238482,0.290569761,0.030969242,0.417908577,0.00017056,4.56E-07,4.56E-07,0.000808276,0.000195521,0.000808276,0.001242937,0.001819426,0.001819426,1.55E-10,7.20E-11,1.55E-10,1.76E-06,7.23E-07,7.23E-07,2.88E-07,1.58E-07,2.88E-07,0.388075253,0.896861687,0.896861687,9.69E-06,1.78E-05,9.69E-06,3.45E-09,0.000527259,5.71E-97,0.029293649,1.19E-208,14.8348332,180,5,22.20177636,2.31370043,9.099606347,-0.709763776,0.582147328,0.52852411,0.416788741,0.505867071,-0.439013769,-0.360109363,-0.422010793,-0.800105089,-0.555909046,-0.830339708,0,0,0,0,0,0,0,0,0,0.55630696,-0.099460426,-0.380368759,0.171851979,-0.566004987,0.201997608,0.462110815,0.426076905,0.383898323,-0.199434467,-0.23429425,-0.189069075,0,3.41E-20,1.22E-291,1.63E-57,0,3.32E-79,0,0,1.72E-297,3.24E-77,1.16E-106,1.91E-69,amphibian
caudata,595,5.140714653,4.501152212,2.678212545,179.6818088,52.2364331,-0.571030905,2.93358445,122.9103838,85.62625831,4.013804211,27.91231039,22.42689076,80.17795412,8.956954237,107.1237451,-0.373475973,-0.383528188,-0.383528188,0.260172477,0.172460895,-0.260172477,0.628097868,0.640930414,0.640930414,-0.608331532,-0.516120635,0.608331532,0.54493826,0.565049685,0.565049685,-0.537690264,-0.466267015,0.537690264,-0.382278364,-0.375194262,-0.375194262,0.344060769,0.283616851,-0.344060769,-0.309324838,-0.195717488,0.430890641,-0.485440973,-0.200776965,7.87E-18,8.58E-19,8.58E-19,4.22E-09,0.000115143,4.22E-09,1.11E-55,1.31E-58,1.31E-58,1.98E-51,4.77E-35,1.98E-51,1.25E-39,4.25E-43,4.25E-43,1.96E-38,4.37E-28,1.96E-38,1.14E-18,5.42E-18,5.42E-18,3.35E-15,1.31E-10,3.35E-15,1.95E-12,1.15E-05,8.51E-24,1.25E-30,6.74E-06,0.966252909,47,0,2.97722391,6.366707337,54.96166453,0.230699355,-0.228347918,-0.020100293,-0.012974698,-0.030698312,0.005679002,0.00205099,0.021259645,-0.261115318,-0.177643419,-0.361946913,0.022484702,0.140753675,0.000490686,0.519119543,0.815889489,0.015789979,6.33E-200,7.19E-92,0,-0.423297858,-0.455045025,0.346150021,0.438580928,0.424476451,0.590725996,0.257043121,0.276239148,0.262345303,0.208783528,0.255027212,0.242459524,1.75E-78,6.88E-92,2.23E-51,9.28E-85,5.90E-79,2.70E-168,2.59E-28,1.31E-32,1.82E-29,5.07E-19,6.97E-28,2.78E-25,amphibian
gymnophiona,183,0.954095641,0.798076751,-0.349160693,235.8966111,25.35009679,-0.969100547,3.576811415,338.5976331,145.7369948,1.365808711,5.057894346,22.64480874,89.40449852,7.100468648,61.07038762,0.357957869,0.370676216,0.370676216,-0.436995364,-0.40244612,0.436995364,-0.159830461,-0.219775445,-0.219775445,0.136544879,0.126615993,-0.136544879,-0.021626437,-0.055824392,-0.055824392,-0.008987106,-0.019640839,0.008987106,0.142595653,0.132523589,0.132523589,-0.119195154,-0.115283067,0.119195154,-0.251983623,-0.017312613,0.338931864,-0.1129205,0.346601224,1.77E-06,7.02E-07,7.02E-07,2.85E-09,5.82E-08,2.85E-09,0.037918144,0.004090924,0.004090924,0.076692195,0.100921924,0.076692195,0.780175948,0.470975088,0.470975088,0.907678206,0.799912488,0.907678206,0.064393154,0.085868774,0.085868774,0.122698643,0.135558193,0.122698643,0.000949864,0.823216151,6.56E-06,0.143809431,3.91E-06,0.305663305,11,0,0.993566339,3.932210338,20.47934359,-0.453388459,0.339216136,0.286071968,0.288412168,0.291261204,-0.218730313,-0.220238959,-0.222094303,-0.660364438,-0.665605684,-0.671610802,2.78E-241,2.19E-245,1.95E-250,2.02E-139,2.26E-141,8.62E-144,0,0,0,-0.48798042,-0.630412635,0.309899588,0.243604742,0.477445906,0.586295848,0.112366959,0.075653086,0.21144091,0.501473443,0.467596818,0.553552072,1.49E-62,7.14E-115,2.68E-24,2.44E-15,1.36E-59,7.55E-96,0.000308504,0.015309833,7.63E-12,1.68E-66,6.45E-57,1.64E-83,amphibian
crocodylia,24,-0.06212231,-0.051916356,0.47262882,240.7246021,22.91867316,-2.109669309,7.713798583,222115.2167,293978.6573,1.922222133,6.272152848,295.2916667,287.8804823,1.170267665,3.640487781,0.08021342,0.08021342,0.08021342,-0.251361651,-0.091047808,0.251361651,0.224018525,0.224018525,0.224018525,-0.315331489,-0.201219818,0.315331489,-0.028278473,-0.028278473,-0.028278473,-0.134146545,0.011324059,0.134146545,-0.268261962,-0.268261962,-0.268261962,0.190154871,0.201481393,-0.190154871,0.054359645,0.130898024,0.043062201,0.010871929,0.658838894,0.709455604,0.709455604,0.709455604,0.236088976,0.67221448,0.236088976,0.292650764,0.292650764,0.292650764,0.133373089,0.345762645,0.133373089,0.895644056,0.895644056,0.895644056,0.532014881,0.958117322,0.532014881,0.204998708,0.204998708,0.204998708,0.373469008,0.3451228,0.373469008,0.800827282,0.542083079,0.841643881,0.959788206,0.000463686,0.52958375,5,0,1.037533353,2.038400646,6.295257827,-0.677792549,0.557216008,0.430497008,0.426653873,0.435093772,-0.348703769,-0.34490946,-0.354207049,-0.648888202,-0.64232384,-0.65776929,0,0,0,0,0,0,0,0,0,-0.133749067,-0.304659311,-0.046450207,-0.031203048,-0.122151762,0.035475103,0.135943585,0.136105096,0.050416731,0.04781408,0.048032125,-0.032872167,3.19E-09,4.70E-43,0.040526413,0.168954214,6.52E-08,0.117814058,1.75E-09,1.67E-09,0.026184052,0.034983071,0.034159742,0.147283686,crocturt
testudines,322,1.528477936,1.121317325,2.66228592,217.81595,40.88667378,-1.063634163,3.891235512,12901.88816,38222.39624,4.904421216,30.18056986,94.2173913,168.6739817,3.929617787,26.49802257,-0.025138198,-0.025690878,-0.025690878,0.136667462,0.080915396,-0.136667462,-0.020924532,-0.03453775,-0.03453775,0.232898189,0.152645674,-0.232898189,-0.103424118,-0.112735351,-0.112735351,0.340230702,0.273816598,-0.340230702,-0.23492889,-0.225265786,-0.225265786,0.334139469,0.310443934,-0.334139469,0.314438407,0.273653244,0.071687497,0.051791799,0.464886589,0.653646813,0.646542992,0.646542992,0.014263596,0.148055019,0.014263596,0.708797019,0.537521902,0.537521902,2.50E-05,0.00613869,2.50E-05,0.064208022,0.043551802,0.043551802,3.86E-10,6.29E-07,3.86E-10,2.12E-05,4.65E-05,4.65E-05,8.22E-10,1.34E-08,8.22E-10,8.49E-09,6.39E-07,0.200184766,0.3550037,1.29E-18,2.251134877,21,0,3.362273902,1.781395748,6.014528415,-0.632276868,0.548335419,0.022536328,-0.173274964,0.363632905,-0.013824554,0.128265348,-0.289990705,-0.285192637,-0.051178677,-0.648108795,0.010189847,3.84E-88,0,0.115029602,8.40E-49,3.21E-250,1.01E-241,5.29E-09,0,-0.265895983,-0.179133345,0.470985637,0.384892729,0.319183707,0.352344678,0.307960461,0.365462333,0.235612304,0.203298886,0.253501566,0.161131962,3.09E-79,3.09E-36,3.29E-266,6.13E-171,3.23E-115,1.13E-141,5.46E-107,4.61E-153,3.96E-62,2.20E-46,5.94E-72,1.49E-29,crocturt
